Date,Action,Points_Change,Cash_Change,Wallet,Vault,Reflection
2026-09-09 13:57:16,V60,-30,-0.0,240,0.0,
2026-09-09 13:57:18,V60,-30,-0.0,210,0.0,
2026-09-09 13:58:30,V60,-30,-0.0,180,0.0,
2026-09-09 13:58:32,V60,-30,-0.0,150,0.0,
2026-09-09 13:58:32,V60,-30,-0.0,120,0.0,
2026-09-09 13:58:33,V60,-30,-0.0,90,0.0,
2026-09-09 13:58:33,V60,-30,-0.0,60,0.0,
2026-09-09 13:58:33,V60,-30,-0.0,30,0.0,
2026-09-09 13:58:33,V60,-30,-0.0,0,0.0,
2026-09-09 13:58:37,مذاكرة 30د,30,0.0,30,0.0,
2026-09-09 16:27:13,مذاكرة 30د,30,0.0,60,0.0,
2026-09-09 16:27:19,V60,-30,-0.0,30,0.0,
2026-09-09 17:24:36,مذاكرة 30د,30,0.0,60,0.0,
2026-09-11 18:52:17,مذاكرة 30د,30,0.0,30,16.0,
2026-09-11 18:52:21,V60,-30,-0.0,0,16.0,
